{
  "@context": "https://schema.org",
  "@type": "WebApplication",
  "name": "ResumeX",
  "url": "https://resumex.replit.app/",
  "applicationCategory": "BusinessApplication",
  "operatingSystem": "Web",
  "description": "Create professional resumes with AI-powered tools, premium templates, and expert guidance.",
  "offers": {
    "@type": "Offer",
    "price": "0",
    "priceCurrency": "USD",
    "availability": "https://schema.org/InStock"
  },
  "aggregateRating": {
    "@type": "AggregateRating",
    "ratingValue": "4.8",
    "ratingCount": "1250",
    "bestRating": "5",
    "worstRating": "1"
  },
  "featureList": "AI-powered content enhancement, Premium templates, PDF export, Career guidance",
  "screenshot": "https://resumex.replit.app/screenshots/builder.jpg",
  "softwareVersion": "2.0",
  "author": {
    "@type": "Organization",
    "name": "ResumeX",
    "url": "https://resumex.replit.app/"
  }
}