{
  "@context": "https://schema.org",
  "@type": "FAQPage",
  "mainEntity": [
    {
      "@type": "Question",
      "name": "Is ResumeX free to use?",
      "acceptedAnswer": {
        "@type": "Answer",
        "text": "Yes, ResumeX offers a free version with basic templates and features. Premium templates and advanced features like AI content enhancement are available with a subscription."
      }
    },
    {
      "@type": "Question",
      "name": "How can I export my resume?",
      "acceptedAnswer": {
        "@type": "Answer",
        "text": "Once you're satisfied with your resume, simply click the 'Export' button to download it as a PDF file. The PDF format ensures your resume maintains its formatting across devices and is ready for job applications."
      }
    },
    {
      "@type": "Question",
      "name": "Are the resume templates ATS-friendly?",
      "acceptedAnswer": {
        "@type": "Answer",
        "text": "Yes, all of our resume templates are designed to be ATS (Applicant Tracking System) friendly, ensuring your resume gets past automated screening systems and into the hands of recruiters."
      }
    },
    {
      "@type": "Question",
      "name": "What is the AI content enhancement feature?",
      "acceptedAnswer": {
        "@type": "Answer",
        "text": "Our AI content enhancement feature uses artificial intelligence to improve your resume content. It can suggest stronger action verbs, enhance your professional summary, and optimize job descriptions to highlight achievements and skills."
      }
    },
    {
      "@type": "Question",
      "name": "Can I create multiple resumes with one account?",
      "acceptedAnswer": {
        "@type": "Answer",
        "text": "Yes, with your ResumeX account, you can create and save multiple resumes. This allows you to customize different versions for various job applications or industries."
      }
    },
    {
      "@type": "Question",
      "name": "What is the Career Explorer feature?",
      "acceptedAnswer": {
        "@type": "Answer",
        "text": "Career Explorer is an AI-powered tool that analyzes your skills and experience to recommend potential career paths. It provides insights on required skills, salary expectations, and educational recommendations to help you plan your professional growth."
      }
    }
  ]
}