{
  "@context": "https://schema.org",
  "@type": "Organization",
  "name": "ResumeX",
  "url": "https://resumex.replit.app/",
  "logo": "https://resumex.replit.app/logo.png",
  "description": "Professional resume builder with AI tools and premium templates",
  "sameAs": [
    "https://twitter.com/ResumeX",
    "https://facebook.com/ResumeX",
    "https://linkedin.com/company/resumex"
  ],
  "contactPoint": {
    "@type": "ContactPoint",
    "telephone": "+1-555-555-5555",
    "contactType": "customer service",
    "email": "support@resumex.com",
    "availableLanguage": ["English"]
  }
}